sr_no,id,original_language,original_title,popularity,release_date,vote_average,vote_count,genre,overview,revenue,runtime,tagline,english_text
146,719088,ja,イエスかノーか半分か,234.805,12/11/2020,6.4,11,"['Animation', 'Drama', 'Romance']","Kunieda Kei is a popular, young TV announcer whose public and private personas are so different, they might be called extreme. On the outside, he is the picture of perfection, affectionately nicknamed ""The Prince,"" while on the inside he is constantly cursing at all of the incompetence around him. Of course, no one knows this secret of his.  One day, Kei meets animation artist Tsuzuki Ushio for a work assignment. While Kei is in ""inside mode,"" he later runs into Tsuzuki, who doesn't recognize him in his worn-out sweats and a facemask, but as compensation for injuring Tsuzuki's arm, Kei gets roped into helping out with his work.",$0.00,53,,Jesus or no or half
221,572154,ja,青春ブタ野郎はゆめみる少女の夢を見ない,168.435,6/15/2019,8.5,317,"['Animation', 'Comedy', 'Romance', 'Drama', 'Fantasy']","In Fujisawa, Sakuta Azusagawa is in his second year of high school. Blissful days with his girlfriend and upperclassman, Mai Sakurajima, are interrupted by the appearance of his first crush, Shoko Makinohara.",$0.00,90,I will engrave your figure into everyone's memory.,Youth Butterfly does not dream of Yumimiru girl
344,568160,ja,天気の子,126.581,6/19/2019,8.1,1228,"['Fantasy', 'Animation', 'Romance', 'Drama']","The summer of his high school freshman year, Hodaka runs away from his remote island home to Tokyo, and quickly finds himself pushed to his financial and personal limits. The weather is unusually gloomy and rainy every day, as if taking its cue from his life. After many days of solitude, he finally finds work as a freelance writer for a mysterious occult magazine. Then, one day, Hodaka meets Hina on a busy street corner. This bright and strong-willed girl possesses a strange and wonderful ability: the power to stop the rain and clear the sky.","$186,965,409.00",112,A story about the secret of this world that only I and she know.,Child of the weather
501,12429,ja,崖の上のポニョ,90.365,7/19/2008,7.7,2989,"['Animation', 'Fantasy', 'Family']","The son of a sailor, 5-year old Sosuke, lives a quiet life on an oceanside cliff with his mother Lisa. One fateful day, he finds a beautiful goldfish trapped in a bottle on the beach and upon rescuing her, names her Ponyo. But she is no ordinary goldfish.","$202,404,009.00",100,Welcome to a world where anything is possible.,Ponyo on the cliff
615,683127,ja,アーヤと魔女,76.883,1/27/2021,6.4,72,"['Animation', 'Fantasy', 'Family']",A headstrong orphan discovers a world of spells and potions while living with a selfish witch.,"$384,659.00",82,,Aya and Witch
643,504253,ja,君の膵臓をたべたい,68.613,9/1/2018,8.3,860,"['Animation', 'Drama', 'Romance', 'Family']","Spring time in April and the last of the cherry blossoms are still in bloom. The usually aloof bookworm with no interest in others comes across a book in a hospital waiting room. Handwritten on the cover are the words: ""Living with Dying."" He soon discovers that it is a diary kept by his very popular and genuinely cheerful classmate, Sakura Yamauchi, who reveals to him that she is secretly suffering from a pancreatic illness and only has a limited time left. It is at this moment that she gains just one more person to share her secret. Trying to maintain a normal life as much as possible, Sakura is determined to live her life to the fullest until the very last day. As her free spirit and unpredictable actions throw him for a loop, his heart begins to gradually change.","$33,748,006.00",108,This is a story about an unforgettable spring...,I want to eat your pancreas
657,667520,ja,泣きたい私は猫をかぶる,76.534,6/18/2020,8.1,867,"['Animation', 'Drama', 'Romance', 'Fantasy', 'Science Fiction']","Miyo ""Muge"" Sasaki is a peculiar second-year junior high student who has fallen in love with her classmate Kento Hinode. Muge resolutely pursues Kento every day, but he takes no notice of her. Nevertheless, while carrying a secret she can tell no one, Muge continues to pursue Kento. Muge discovers a magic mask that allows her to transform into a cat named Tarō. The magic lets Muge get close to Kento, but eventually it may also make her unable to transform back to a human.",$0.00,104,,I want to cry I wear a cat
745,453071,ja,ナルトが火影になった日,76.611,7/6/2016,7.6,156,"['Comedy', 'Animation', 'Action', 'Adventure']",Depicts the day that Naruto Uzumaki became the 7th Hokage. Packaged with Boruto the Movie.,$0.00,11,,The day Naruto became a fire
788,129,ja,千と千尋の神隠し,72.923,7/20/2001,8.5,11996,"['Animation', 'Family', 'Fantasy']","A young girl, Chihiro, becomes trapped in a strange new world of spirits. When her parents undergo a mysterious transformation, she must call upon the courage she never knew she had to free her family.","$274,925,095.00",125,,Spirited Away
818,58857,ja,十三人の刺客,68.629,9/9/2010,7.3,785,"['Adventure', 'Drama', 'Action']",A bravado period action film set at the end of Japan's feudal era in which a group of unemployed samurai are enlisted to bring down a sadistic lord and prevent him from ascending to the throne and plunging the country into a war-torn future.,"$17,555,141.00",141,Take up your sword.,Thirteen assassin
916,282069,ja,寄生獣,54.381,11/29/2014,7.1,162,"['Science Fiction', 'Horror']","Alien pods come to Earth and, naturally, start taking over Human Hosts. One such pod only manages to take over one human's, Shin Izumi, right arm. Together they grow and co-exist, all the while the other aliens are making meals of other humans; Shin feels he must put a stop to it all, but his alien, Migi, doesn't see why.",$0.00,109,,Parasitic beast
949,476292,ja,さよならの朝に約束の花をかざろう,71.389,2/24/2018,8.4,392,"['Animation', 'Fantasy', 'Romance', 'Drama']","Maquia is a member of a special race called the Iorph who can live for hundreds of years. However, Maquia has always felt lonely despite being surrounded by her people, as she was orphaned from a young age. She daydreams about the outside world, but dares not travel from her home due to the warnings of the clan's chief.  One day the kingdom of Mezarte invades her homeland. They already have what is left of the giant dragons, the Renato, under their control, and now their king wishes to add the immortality to his bloodline.  They ravage the Iorph homeland and kill most of its inhabitants. Caught in the midst of the attack, Maquia is carried off by one of the Renato. It soon dies, and she is left deserted in a forest, now truly alone save for the cries of a single baby off in the distance. Maquia finds the baby in a destroyed village and decides to raise him as her own, naming him Ariel. Although she knows nothing of the human world, how to raise a child that ages much faster than her.","$4,300,000.00",115,In a world where love is forbidden... they will find love.,Let's hold the promised flower on the goodbye morning
1137,475215,ja,未来のミライ,55.562,6/16/2018,7.2,523,"['Animation', 'Family', 'Fantasy', 'Adventure', 'Drama']",The movie follows a 4-year old boy who is struggling to cope with the arrival of a little sister in the family until things turn magical. A mysterious garden in the backyard of the boy's home becomes a gateway allowing the child to travel back in time and encounter his mother as a little girl and his great-grandfather as a young man. These fantasy-filled adventures allow the child to change his perspective and help him become the big brother he was meant to be.,"$27,526,961.00",98,A daringly original story of love passed down through generations.,Future Mirai
1141,4935,ja,ハウルの動く城,52.706,11/19/2004,8.4,6789,"['Fantasy', 'Animation', 'Adventure']","When Sophie, a shy young woman, is cursed with an old body by a spiteful witch, her only chance of breaking the spell lies with a self-indulgent yet insecure young wizard and his companions in his legged, walking castle.","$236,049,757.00",119,The two lived there.,Howl's moving castle
1159,796849,ja,彼女,46.443,4/15/2021,6.4,87,"['Drama', 'Romance', 'Thriller']","Rei helps the woman she's been in love with for years escape her abusive husband. While on the run, their feelings for each other catch fire.",$0.00,142,,she
1299,552687,ja,ヲタクに恋は難しい,51.684,2/7/2020,7.1,37,"['Comedy', 'Romance']",An effervescent musical about one of the most unlikely couples seen on screen: two Otaku intent on hiding their nerdiness from their colleagues!,$0.00,114,,It's difficult to fall in love with Otaku
1349,242828,ja,思い出のマーニー,41.842,7/19/2014,8.0,1292,"['Animation', 'Drama']","Upon being sent to live with relatives in the countryside due to an illness, an emotionally distant adolescent girl becomes obsessed with an abandoned mansion and infatuated with a girl who lives there - a girl who may or may not be real.","$34,949,567.00",103,"Promise we'll remain a secret, forever.",Memorial Marnie
1361,37797,ja,耳をすませば,48.276,7/15/1995,7.9,1318,"['Animation', 'Drama', 'Family']","Shizuku lives a simple life, dominated by her love for stories and writing. One day she notices that all the library books she has have been previously checked out by the same person: 'Seiji Amasawa'.",$0.00,111,I found someone I like,If you listen to it
1510,619432,ja,木ノ葉の里の大運動会,41.663,8/21/2004,7.1,6,"['Action', 'Animation', 'Comedy']","The genin of Konoha are having a sports day filled with races, obstacle courses and of course the relay and the prize is a paid vacation for the winner. Unfortunately Naruto and his stomach are getting him into trouble again.",$0.00,11,,Kinoba no Sato's large athletic meet
1601,315465,ja,バケモノの子,44.212,7/11/2015,8.1,1097,"['Animation', 'Fantasy', 'Action', 'Adventure', 'Drama']","Kyuta, a boy living in Shibuya, and Kumatetsu, a lonesome beast from Jutengai, an imaginary world. One day, Kyuta forays into the imaginary world and, as he's looking for his way back, meets Kumatetsu who becomes his spirit guide. That encounter leads them to many adventures.","$49,714,378.00",119,,Bakemono child
1655,589082,ja,薄暮,48.276,6/21/2019,6.5,15,"['Animation', 'Drama']","Hakubo tells the story of two young people who live in rural Fukushima: Sachi Koyama, a girl who excels at playing the violin, and Yuusuke Kijinami, a boy who loves to paint. After an awkward, chance encounter, the two meet and begin to fall in love, but Yuusuke is still living in the shadow of the 2011 Tohoku earthquake and tsunami.",$0.00,52,,Dying
1715,16007,ja,デスノート,36.842,6/17/2006,7.0,473,"['Fantasy', 'Mystery', 'Thriller']","Light Yagami finds the ""Death Note,"" a notebook with the power to kill, and decides to create a Utopia by killing the world's criminals, and soon the world's greatest detective, ""L,"" is hired to find the mysterious murderer. An all out battle between the two greatest minds on earth begins and the winner will control the world.","$27,793,200.00",126,The battle of wits begins. Whose side are you on?,death note
1717,149,ja,アキラ,43.538,7/16/1988,8.0,2872,"['Animation', 'Science Fiction', 'Action']",A secret military project endangers Neo-Tokyo when it turns a biker gang member into a rampaging psychic psychopath that only two teenagers and a group of psychics can stop.,"$553,171.00",124,Neo-Tokyo is about to E.X.P.L.O.D.E.,Akira
1757,8392,ja,となりのトトロ,42.16,4/16/1988,8.1,5731,"['Fantasy', 'Animation', 'Family']","Two sisters move to the country with their father in order to be closer to their hospitalized mother, and discover the surrounding trees are inhabited by Totoros, magical spirits of the forest. When the youngest runs away from home, the older sister seeks help from the spirits to find her.","$45,000,000.00",86,,My Neighbor Totoro
1768,127533,ja,るろうに剣心,35.933,8/25/2012,7.6,535,"['Adventure', 'Action', 'Drama', 'History']","Former legendary assassin Kenshin Himura has now become a wandering samurai. Offering aid & protecting those in need as atonement for his past deeds. During this time Kenshin Himura comes across and aides Kaoru Kamiya (Emi Takei). Her father opened the Kamiya Kasshin-ryu, a kendo school located in Tokyo and Kaoru is now an instructor there. Kaoru then invites Kenshin to stay at her dojo. Their relationship develops further, but Kenshin is still haunted by his violent past...","$61,700,000.00",134,The Journey Begins,Rurouni Kenshin
1794,11621,ja,紅の豚,37.119,7/18/1992,7.8,2276,"['Family', 'Comedy', 'Animation', 'Adventure']","In Italy in the 1930s, sky pirates in biplanes terrorize wealthy cruise ships as they sail the Adriatic Sea. The only pilot brave enough to stop the scourge is the mysterious Porco Rosso, a former World War I flying ace who was somehow turned into a pig during the war. As he prepares to battle the pirate crew's American ace, Porco Rosso enlists the help of spunky girl mechanic Fio Piccolo and his longtime friend Madame Gina.",$0.00,94,A Pig's Got to Fly,Red pig
2007,378108,ja,この世界の片隅に,36.635,11/12/2016,8.1,410,"['Drama', 'Animation', 'Romance', 'War', 'History']","Japan, 1943, during World War II. Young Suzu leaves her village near Hiroshima to marry and live with her in-laws in Kure, a military harbor. Her creativity to overcome deprivation quickly makes her indispensable at home. Inhabited by an ancestral wisdom, Suzu impregnates the simple gestures of everyday life with poetry and beauty. The many hardships, the loss of loved ones, the frequent air raids of the enemy, nothing alters her enthusiasm…","$19,496,308.00",130,Torn apart by war. Brought together by love.,In one corner of this world
2026,128,ja,もののけ姫,40.337,7/12/1997,8.4,5907,"['Adventure', 'Fantasy', 'Animation']","Ashitaka, a prince of the disappearing Emishi people, is cursed by a demonized boar god and must journey to the west to find a cure. Along the way, he encounters San, a young human woman fighting to protect the forest, and Lady Eboshi, who is trying to destroy it. Ashitaka must find a way to bring balance to this conflict.","$159,414,369.00",134,The Fate Of The World Rests On The Courage Of One Warrior.,Princess Mononoke
2036,181656,ja,アシュラ,35.496,9/29/2012,7.0,56,"['Animation', 'Drama', 'History', 'Horror']","Abandoned in the barren wasteland of Kyoto, a savage, enraged orphan does whatever it takes to survive in the wild. When he crosses paths with civilization, he must learn to tame the beast within.",$0.00,76,"Born A Beast, To Be Human",Ashura
2042,16859,ja,魔女の宅急便,42.842,7/29/1989,7.8,2802,"['Animation', 'Family', 'Fantasy', 'Adventure']","A young witch, on her mandatory year of independent life, finds fitting into a new community difficult while she supports herself by running an air courier service.","$4,493,017.00",103,"I was feeling blue, but I'm better now.",Kiki's Delivery Service
2049,149870,ja,風立ちぬ,34.018,7/20/2013,7.8,2091,"['Family', 'Drama', 'Animation', 'War', 'History', 'Romance']","A lifelong love of flight inspires Japanese aviation engineer Jiro Horikoshi, whose storied career includes the creation of the A-6M World War II fighter plane.","$117,932,401.00",126,We must live.,Fleeting
2056,10515,ja,天空の城ラピュタ,36.846,8/2/1986,8.0,2966,"['Adventure', 'Fantasy', 'Animation', 'Action', 'Family', 'Romance']",A young boy and a girl with a magic crystal must race against pirates and foreign agents in a search for a legendary floating castle.,"$5,228,752.00",125,"One day, a girl came down from the sky…",Castle in the Sky Laputa
2079,28874,ja,サマーウォーズ,38.454,8/1/2009,7.5,672,['Animation'],"Kenji is your typical teenage misfit. He’s good at math, bad with girls, and spends most of his time hanging out in the all-powerful online community known as OZ. His second life is the only life he has — until the girl of his dreams, Natsuki, hijacks him for a starring role as a fake fiancé at her family reunion. Things only get stranger from there. A late-night email containing a cryptic mathematic riddle leads to the unleashing of a rogue AI intent on using the virtual world of OZ to destroy the real world. As Armageddon looms on the horizon, Kenji and his new “family” set aside their differences and band together to save the worlds they inhabit in this “near-perfect blend of social satire and science fiction.”","$18,434,328.00",114,,summer Wars
2086,257475,ja,たまこラブストーリー,32.762,4/26/2014,6.9,94,"['Romance', 'Animation', 'Comedy']","Devoted to her family’s rice-cake–making business and the high school baton club, Tamako is a little slow when it comes to love. She’s oblivious to her childhood friend Mochizo’s affections, even though all their friends know. With graduation closing in and Mochizo leaving for Tokyo, will Tamako realise her feelings and tell him in time?",$0.00,83,"The end of school, the beginning of love…",Tamako love story
2098,741434,ja,ホムンクルス,39.785,4/2/2021,6.2,51,"['Drama', 'Thriller']","A homeless man meets a medical school student who pays him to volunteer for a surgical procedure known as trepanation, drilling a hole in his skull, which ends up giving him the ability to communicate with the dark side of people’s subconscious minds.",$0.00,119,,Homunculus
2173,283727,ja,アオハライド,32.125,12/13/2014,6.7,45,"['Romance', 'Drama']","When she was a middle school student, Futaba Yoshioka liked Kou Tanaka who was unlike the other boys and quite gentle. Kou Tanaka then moved away and they lost contact.  At the end of Futaba Yoshioka's first year as a high school student she meets Kou Tanaka again. Kou Tanaka’s name has changed to Kou Mabuchi and his personality seems different from his middle school days.",$0.00,122,,Aohalide
2178,110420,ja,おおかみこどもの雨と雪,36.517,7/21/2012,8.3,1648,"['Animation', 'Drama', 'Family', 'Fantasy']","After her werewolf lover unexpectedly dies in an accident, a woman must find a way to raise the son and daughter that she had with him. However, their inheritance of their father's traits prove to be a challenge for her.","$55,060,661.00",117,Love wildly,Wolf children's rain and snow
2209,342588,ja,屍者の帝国,38.378,10/2/2015,6.1,64,"['Animation', 'Mystery', 'Horror', 'Science Fiction']","The story of The Empire of Corpses takes place in 19th century Europe, and revolves around John Watson. He is scouted by the government to become a secret agent- However, Watson lives in a world where ""Frankensteins""- human corpses that are re-purposed with a false soul in order to use them as laborers- are used to improve industrial development.",$0.00,120,The dead will inherit the Earth,Dead empire
2243,198375,ja,言の葉の庭,35.138,5/31/2013,7.6,1445,"['Animation', 'Drama', 'Romance']","Takao, who is training to become a shoemaker, skipped school and is sketching shoes in a Japanese-style garden. He meets a mysterious woman, Yukino, who is older than him. Then, without arranging the times, the two start to see each other again and again, but only on rainy days. They deepen their relationship and open up to each other. But the end of the rainy season soon approaches...",$0.00,46,Lost in life. Found in love.,Garden of Words
2247,433950,ja,ひるなかの流星,30.162,3/24/2017,7.8,51,['Romance'],"Fifteen-year-old country girl Suzume Yosano has to move to Tokyo to live with her uncle due to her father's transfer. She bumps into a mysterious man who ends up taking her to her uncle's place after she gets lost. Turns out, Suzume will be seeing him a lot more often once she starts school because... he's her homeroom teacher?!",$0.00,119,,Meteor in Hirunaka
2418,192577,ja,キャプテンハーロック,30.093,9/7/2013,6.6,842,"['Animation', 'Science Fiction']",Space Pirate Captain Harlock and his fearless crew face off against the space invaders who seek to conquer the planet Earth.,"$18,010,317.00",115,,Captain Harlock
2506,40700,ja,僕の初恋をキミに捧ぐ,30.056,10/24/2009,7.4,78,"['Drama', 'Comedy', 'Romance']","As a child Takuma is diagnosed with a heart condition that requires care from a cardiologist. He soon becomes friends with his doctors young daughter Mayu while being treated at the hospital. One day Mayu overhears her father saying that Takumas condition is serious enough that he most likely wont live beyond the age of 20. Takuma isn't aware of this himself, however, so at 8-years-old he makes a promise to marry Mayu when they turn 20. Later in life, Takuma becomes aware that he wont be able to keep this promise and he begins distancing himself from Mayu in hopes of protecting her.",$0.00,122,,I devote my first love to you
2552,553600,ja,プロメア,30.175,5/24/2019,7.3,152,"['Animation', 'Action', 'Science Fiction']","Galo and the Burning Rescue Fire Department face off against BURNISH, a group of mutants who are able to control and wield flames, and the fire disaster they have unleashed on Earth.",$0.00,111,The world ablaze.,Promia
2600,15370,ja,猫の恩返し,38.1,7/19/2002,7.2,1338,"['Adventure', 'Fantasy', 'Animation', 'Drama', 'Family']","Haru, a schoolgirl bored by her ordinary routine, saves the life of an unusual cat and suddenly her world is transformed beyond anything she ever imagined. The Cat King rewards her good deed with a flurry of presents, including a very shocking proposal of marriage to his son! Haru embarks on an unexpected journey to the Kingdom of Cats where her eyes are opened to a whole other world.","$54,016,370.00",75,"It’s not so bad being a cat, now is it?",Cat back
2609,447743,ja,いぬやしき,28.957,4/20/2018,7.7,92,"['Action', 'Adventure', 'Science Fiction', 'Fantasy']",A middle-aged office worker encounters aliens and is gifted with alien technology and limitless powers.,$0.00,127,,Inuyashiki
2707,375533,ja,オオカミ少女と黒王子,30.17,5/28/2016,6.6,48,['Romance'],"Erika Shinohara is a first year of high school student. While talking to friends, she makes up a story about her ""boyfriend."" In reality, Erika Shinohara doesn't have a boyfriend. Erika's friends soon begin to doubt her story and Erika is also running out of lies. Erika then sees a pretty boy on the street and takes his picture discreetly. She later shows his picture to her friends as her boyfriend. The boy in the picture is Kyouya Sata and happens to attend the same school as Erika. She tells Kyouya about her situation and asks him to be her pretend boyfriend. Even though Kyouya has a pretty appearance, he has a dark side.",$0.00,116,,Wolf Girl and the black Prince
2719,433128,ja,亜人,29.725,9/30/2017,7.6,67,"['Action', 'Horror', 'Mystery']","Ajin is a live-action adaptation of a Japanese manga series written and illustrated by Gamon Sakurai. Kei Nagai dies in a car accident, but realises he is a type of immortal known as Ajin (demi-human). Hunted by humans, Ajin is eventually found by the government and used as a subject in cruel experiments. He finds fellow demi-humans along the way as he escapes and goes on the run.",$0.00,109,,Subtile
2722,15283,ja,平成狸合戦ぽんぽこ,29.95,7/16/1994,7.1,703,"['Adventure', 'Animation', 'Fantasy']","The Raccoons of the Tama Hills are being forced from their homes by the rapid development of houses and shopping malls. As it becomes harder to find food and shelter, they decide to band together and fight back. The Raccoons practice and perfect the ancient art of transformation until they are even able to appear as humans in hilarious circumstances.",$0.00,119,A Fantastic Tale Of Survival,Heisei Tanuki Battle Pompo
2827,81,ja,風の谷のナウシカ,27.916,3/11/1984,7.9,2488,"['Adventure', 'Animation', 'Fantasy']","After a global war, the seaside kingdom known as the Valley of the Wind remains one of the last strongholds on Earth untouched by a poisonous jungle and the powerful insects that guard it. Led by the courageous Princess Nausicaä, the people of the Valley engage in an epic struggle to restore the bond between humanity and Earth.","$3,301,446.00",117,A young girl's love called forth miracles…,Nausicaa of the Valley of the Wind
2896,83090,ja,聖闘士星矢,28.959,7/18/1987,7.1,144,"['Action', 'Animation', 'Fantasy']","When Seiya, Hyōga and Shun visit Saori (Athena) at the orphanage, they meet an employee called Eri. An orphan herself, Eri takes a liking to Hyōga and one night they sit outside watching the stars. They see a shooting star and Hyōga asks Eri to make a wish. After Hyōga leaves, however, Eri becomes powerfully attracted to the shooting star and wanders alone into the woods, where she finds a golden apple. She is then possessed by Eris, the Goddess of Discord, and kidnaps Athena, planning to use the golden apple to suck her energy out, fully reincarnate and take over the world. Eris leaves a message for the Bronze Saints, who set out for the goddess's temple which appears on the mountains. There, the heroes fight the five Ghost Saints: Maya of Sagitta, Orpheus of Lyra, Christ of the Southern Cross, Jan of Scutum (called by the Japanese name Tateza) and Jäger of Orion.",$0.00,46,,Saint Seiya
2911,409421,ja,ブラム,28.453,5/20/2017,6.4,211,"['Action', 'Drama', 'Science Fiction', 'Animation']","In the distant technological future, civilization has reached its ultimate Net-based form. An ""infection"" in the past caused the automated systems to spiral out of order, resulting in a multi-leveled city structure that replicates itself infinitely in all directions. Now humanity has lost access to the city's controls, and is hunted down and purged by the defense system known as the Safeguard. In a tiny corner of the city, a little enclave known as the Electro-Fishers is facing eventual extinction, trapped between the threat of the Safeguard and dwindling food supplies. A girl named Zuru goes on a journey to find food for her village, only to inadvertently cause doom when an observation tower senses her and summons a Safeguard pack to eliminate the threat. With her companions dead and all escape routes blocked, the only thing that can save her now is the sudden arrival of Killy the Wanderer, on his quest for the Net Terminal Genes, the key to restoring order to the world.",$0.00,106,,Bram
2965,392681,ja,ミュージアム,25.4,11/12/2016,6.7,50,"['Drama', 'Thriller']","In Tokyo, Japan, several grotesque murders take place on rainy days. Detective Sawamura, who is in charge of the case, soon discovers that his own family is connected to the crimes.",$0.00,132,The serial killer is laughing in the rain,Museum
2980,358632,ja,台風のノルダ,22.105,6/5/2015,6.3,24,"['Science Fiction', 'Animation']","As an unexpected typhoon bears down on a small tropical island, a group of students trapped at school find themselves forced to put aside their personal issues and work together. Not only to save themselves, but possibly the lives of everyone on the planet!",$0.00,27,,Typhoon Norda
3013,14069,ja,時をかける少女,28.902,7/15/2006,7.8,1503,"['Fantasy', 'Animation', 'Drama', 'Science Fiction']","When 17-year-old Makoto Konno gains the ability to, quite literally, ""leap"" backwards through time, she immediately sets about improving her grades and preventing personal mishaps. However, she soon realises that changing the past isn't as simple as it seems, and eventually, will have to rely on her new powers to shape the future of herself and her friends.","$3,800,000.00",98,,A girl who takes time
3027,241863,ja,神さまの言うとおり,25.595,11/15/2014,7.2,287,"['Thriller', 'Horror', 'Comedy', 'Mystery']","Takahata Shun's day at high school begins just as boring as ever, but it doesn't end that way. He and his classmates find themselves forced to play children's games with deadly stakes. With no idea who is behind, the only thing Shun and other students can do is keep trying to win.",$0.00,117,"Oh my God, please return my tedious everyday.",As God says
3032,51739,ja,借りぐらしのアリエッティ,31.086,7/16/2010,7.6,2047,"['Fantasy', 'Animation', 'Family']","14-year-old Arrietty and the rest of the Clock family live in peaceful anonymity as they make their own home from items ""borrowed"" from the house's human inhabitants. However, life changes for the Clocks when a human boy discovers Arrietty.","$145,570,827.00",94,Do not be seen by humans. That's been the law of children of the underfloor.,Borrowed Arrietty
3045,698201,ja,東京リベンジャーズ,28.569,7/9/2021,7.3,3,"['Action', 'Drama']",An unemployed man learns that his ex-girlfriend was murdered. He suddenly finds himself travelling through time to his middle school years and has chance to change the future and save the girl. He aims to rise to the top of the most brutal delinquent gang.,$0.00,120,,Tokyo Revengers
3086,256765,ja,アルモニ,29.047,3/1/2014,7.0,17,"['Animation', 'Drama']","Every person has his or her own little world. Among the 34 bustling students of classroom 2-1, there are many such worlds.  Honjou Akio's world—my world—is filled with passionate talk about last night's anime with Yoshida, Watanabe, and other friends. It's an fun, comfortable place... But, I always wonder. Wonder about the world of Makina Juri, smiling and surrounded by gorgeous friends on the other side of the classroom.  One day, I enter her world. But it's not as simple as it sounds.",$0.00,26,,Almoni
3096,583132,ja,貞子,17.121,5/24/2019,6.3,61,['Horror'],A psychologist connects her missing brother to the strange case of a mysterious little girl believed to be Sadako reincarnated.,"$5,481,562.00",99,,Sadako
3125,212167,ja,サカサマのパテマ,28.742,11/9/2013,7.4,266,"['Animation', 'Adventure', 'Drama', 'Fantasy', 'Science Fiction']","In an underground world where tunnels extend everywhere, even though they live in dark and confined spaces, people wear protective clothes and lead quiet and enjoyable lives. Patema, a princess in her underground village, loves to explore the tunnels. Her favorite place is a ""danger zone"" that her village prohibits people from entering. Even though she's scolded, Patema's curiosity can't be held back. No one ever explained what the supposed danger was. On her usual trip to the ""danger zone,"" Patema faces unexpected events. When hidden secrets come to light, the story begins to unfold.",$0.00,98,,Sakasama Patema
3151,19576,ja,ワンピース,28.959,3/4/2000,6.8,192,"['Action', 'Animation', 'Adventure', 'Comedy', 'Fantasy']","There once was a pirate known as the Great Gold Pirate Woonan, who obtained almost one-third of the world's gold. Over the course of a few years, the pirate's existence faded, and a legend grew that he disappeared with his gold to a remote island, an island pirates continue to search for. Aboard the Going Merry, Luffy and his crew, starved and reckless, are robbed of their treasure. In an attempt to get it back, they wreck the getaway ship, guided by a young boy named Tobio, who's a captured part of El Drago's pirate crew. El Drago's love for gold has driven him to look for Woonan's island, and thanks to Woonan's treasure map, he finds it. During this time, Luffy's crew have been split up, and despite their own circumstances, they must find a way to stop El Drago from obtaining Woonan's gold.",$0.00,51,,one piece
3337,438551,ja,ピーチガール,28.411,5/20/2017,7.0,37,"['Romance', 'Comedy', 'Drama']","It's not easy being beautiful. The envy, the jealousy, the vicious rumors spread by your best friend. That's life for young Momo. While everyone thinks that Momo is a wild party girl, the reality is that she is shy and lonely. Can Momo confess her love to her classmate, Toji, or will her best friend Sae steal him away. It's a bittersweet drama of growing up and fitting in that will charm readers everywhere.",$0.00,116,,Peach girl
3443,449132,ja,君の膵臓をたべたい,23.184,7/28/2017,6.8,66,"['Drama', 'Romance']","I (Takumi Kitamura) am a high school student. I happen to find a diary by my classmate Sakura Yamauchi (Minami Hamabe) that reveals she is suffering from a pancreatic disease. I spent time with Sakura, but she dies.  12 years later, due to Sakura’s words, I (Shun Oguri) am now a high school teacher at the same school where I graduated from. While I talk with my student, I remember several months I spent with Sakura. Meanwhile, Kyoko (Keiko Kitagawa), who was Sakura’s friend, is soon to marry. Kyoko also recalls the days she spent with me and Sakura.",$0.00,115,,I want to eat your pancreas
3444,652837,ja,ジョゼと虎と魚たち,21.0,12/25/2020,8.7,135,"['Animation', 'Drama', 'Romance']","With dreams of diving abroad, Tsuneo gets a job assisting Josee, an artist whose imagination takes her far beyond her wheelchair. But when the tide turns against them, they push each other to places they never thought possible, and inspire a love fit for a storybook.",$0.00,98,Together they can fly.,"Jose, Tiger and Fish"
3495,401146,ja,四月は君の嘘,20.757,9/10/2016,7.0,37,"['Drama', 'Music', 'Romance']","Arima Kousei won numerous piano competitions while under the strict watch of his mother. He was known as the human metronome during that time. Since the death of his mother, Kousei has been unable to hear the sound of his piano. He then meets Miyazono Kaori through childhood friend Sawabe Tsubaki. Kaori plays the violin and has a free sprit. Since meeting her, Kousei is able to face the piano again. Meanwhile, Kaori holds a secret.",$0.00,122,,Your lie in April
3679,559519,ja,えいがのおそ松さん,26.185,3/15/2019,8.0,5,"['Comedy', 'Animation']","The sextuplets attend a high school class reunion. There, they see all their former classmates who have become ""proper"" adults with company jobs.  The sextuplets sulk about this and go home and drink until they fall asleep. But when they wake up, a certain scene awaits them.",$0.00,108,,Eiga no Osomatsu
3767,3176,ja,バトル・ロワイアル,18.966,12/16/2000,7.3,2496,"['Drama', 'Thriller', 'Action']","In the future, the Japanese government captures a class of ninth-grade students and forces them to kill each other under the revolutionary ""Battle Royale"" act.","$25,000,000.00",123,Could you kill your best friend?,Battle Royale
3790,401917,ja,黒崎くんの言いなりになんてならない,23.846,2/2/2016,7.6,63,"['Comedy', 'Romance']","Yu Akahane (Nana Komatsu) moves to a dormitory room after her father's transfer from work. She is excited that she will live in the same dorm as Takumi Shirakawa (Yudai Chiba) aka ""White Prince."" Yet, Haruto Kurosaki (Kento Nakajima) aka ""Black Devil"" kisses her as punishment for going against him. It is Yu Akahane’s first kiss. Since then, she becomes obedient to Haruto Kurosaki.",$0.00,93,,I can't help Kurosaki -kun
3827,438640,ja,きょうのキラ君,28.92,2/25/2017,7.9,58,"['Romance', 'Drama']","Nino is a quiet outcast with only a bird for a friend. Kira is a popular boy with a big secret. Even though they live next to each other, they have never spoken. But when Nino learns Kira's secret, everything begins to change, and what starts as a hesitant friendship grows into something more… but how long can it last?",$0.00,109,,Today's Kira
3882,16221,ja,どろろ,18.955,3/15/2007,7.0,94,"['Action', 'Fantasy', 'Horror', 'Science Fiction']","Hyakkimaru, a warrior on a quest to reclaim 48 of his body parts which were each taken by a demon, is joined by Dororo, a thief on a quest to avenge the death of her parents.",$0.00,139,"Fueled by hate, entwined by fate... their paths begin to unravel.",Darling
3941,10494,ja,パーフェクトブルー,17.095,7/25/1997,8.3,1460,"['Animation', 'Thriller']",A retired pop singer turned actress' sense of reality is shaken when she is stalked by an obsessed fan and seemingly a ghost of her past.,"$112,536.00",81,The color of illusion is Perfect Blue.,Perfect blue
4108,430447,ja,メアリと魔女の花,23.636,7/8/2017,7.1,585,"['Fantasy', 'Adventure', 'Animation']","Mary Smith, a young girl who lives with her great-aunt in the countryside, follows a mysterious cat into the nearby forest where she finds a strange flower and an old broom, none of which is as ordinary as it seems.",$0.00,103,,Mary and witch flowers
4152,196761,ja,ハル,21.614,6/8/2013,6.8,72,"['Animation', 'Romance']","Kurumi’s heart was broken by the sudden death of her boyfriend in a tragic airplane accident. By melding futuristic technology with the binary equivalent of human emotion, a brilliant scientist created an ultra-lifelike robotic surrogate to take Hal’s place – and lure Kurumi from her shroud of solitude.",$0.00,60,,Spring
4195,129743,ja,アナザー,19.508,8/4/2012,6.1,36,"['Horror', 'Thriller', 'Mystery']","After a chain of deaths at a junior high school, new transfer student Koichi Sakakibara turns to a mysterious girl who holds the key to the dark mystery.",$0.00,109,,another
4212,505192,ja,万引き家族,17.376,6/2/2018,7.9,1430,['Drama'],"After one of their shoplifting sessions, Osamu and his son come across a little girl in the freezing cold. At first reluctant to shelter the girl, Osamu’s wife agrees to take care of her after learning of the hardships she faces. Although the family is poor, barely making enough money to survive through petty crime, they seem to live happily together until an unforeseen incident reveals hidden secrets, testing the bonds that unite them.",$0.00,121,,Shoplifting family
4230,11645,ja,乱,19.15,6/1/1985,8.1,1026,"['Action', 'Drama', 'History']","With Ran, legendary director Akira Kurosawa reimagines Shakespeare's King Lear as a singular historical epic set in sixteenth-century Japan. Majestic in scope, the film is Kurosawa's late-life masterpiece, a profound examination of the folly of war and the crumbling of one family under the weight of betrayal, greed, and the insatiable thirst for power.","$11,859,533.00",160,The Greatest Shakespeare Film.,Turbulence
4245,27812,ja,カクレンボ,17.636,3/3/2005,5.9,33,"['Animation', 'Horror']","Among the ruins of the city, there is a game only children can play. It is called “Otokoyo”; a game of hide-and-seek. But whenever children play this game, one by one they would disappear into the blinds of the buildings… The story begins when a boy enters the world of Otokoyo, to find his missing sister.",$0.00,25,,Kakurenbo
4311,747988,ja,君は永遠にそいつらより若い,22.457,9/17/2021,0.0,0,['Drama'],"Horigai spends her boring days waiting to graduate from college. As she hangs out with friends, she begins to realize the violence and sorrow behind their ordinary lives.",$0.00,118,,You are younger than you guys forever
4432,346,ja,七人の侍,25.543,4/26/1954,8.5,2426,"['Action', 'Drama']","A samurai answers a village's request for protection after he falls on hard times. The town needs protection from bandits, so the samurai gathers six others to help him teach the people how to defend themselves, and the villagers provide the soldiers with food.","$271,842.00",207,The Mighty Warriors Who Became the Seven National Heroes of a Small Town,Seven samurai
4525,149871,ja,かぐや姫の物語,17.739,11/23/2013,8.1,1224,"['Animation', 'Drama', 'Fantasy']","Found inside a shining stalk of bamboo by an old bamboo cutter and his wife, a tiny girl grows rapidly into an exquisite young lady. The mysterious young princess enthrals all who encounter her. But, ultimately, she must confront her fate, the punishment for her crime.","$24,366,656.00",137,A princess's crime and punishment,The story of Princess Kaguya
4580,276624,ja,アイアムアヒーロー,18.711,4/23/2016,7.3,236,"['Action', 'Science Fiction', 'Fantasy', 'Horror']","Hideo Suzuki is a 35-year-old mangaka assistant, whose life seem to be stuck around his exhausting but low-paying job, unfulfilled dreams, strange hallucinations and unsatisfying relationships. He sees himself as a supporting character in his own life, has low self-esteem, resulting in frustration. One day, the world as Hideo knows it is shattered by the presence of a disease that turns people into homicidal maniacs, whose first instinct is to attack and devour the nearest human.",$0.00,126,Welcome to ZQN World,I am a hero
4725,548,ja,羅生門,17.333,8/26/1950,8.2,1485,"['Crime', 'Drama', 'Mystery']","Brimming with action while incisively examining the nature of truth, ""Rashomon"" is perhaps the finest film ever to investigate the philosophy of justice. Through an ingenious use of camera and flashbacks, Kurosawa reveals the complexities of human nature as four people recount different versions of the story of a man's murder and the rape of his wife.","$96,568.00",88,"The husband, the wife… or the bandit?",Rashimon
4829,9606,ja,メトロポリス,20.536,5/26/2001,7.0,310,"['Animation', 'Science Fiction']","Kenichi and his detective uncle, Shunsaku Ban, leave Japan to visit Metropolis, in search of the criminal, Dr. Laughton. However, when they finally find Dr. Laughton, Kenichi and Shunsaku find themselves seperated and plunged into the middle of a larger conspiracy. While Shunsaku searches for his nephew and explanations, Kenichi tries to protect Tima (a mysterious young girl), from Duke Red and his adopted son Rock, both of whom have very different reasons for wanting to find her.","$4,035,192.00",108,Welcome to Metropolis,metropolis
4840,225145,ja,ガッチャマン,19.635,8/24/2013,4.9,10,"['Action', 'Adventure', 'Science Fiction']","By the year 2050 AD, a mysterious organization called Galactor has occupied half of the Earth and threatens to exterminate the human race. Around the same time, the International Science Organization had uncovered mysterious stones that bear unusual powers.  It is said that one person out of approximately eight million is able to harness the power of the stones; they are known as a ""Receptor"". Dr. Kozaburo Nambu gathers a team of these five lucky Receptors together. Known as the ""Gatchaman"" team, it is their mission to defeat Galactor.",$0.00,113,,Gatchaman
4944,485942,ja,ニンジャバットマン,14.997,3/24/2018,5.8,715,"['Animation', 'Action']","Batman, along with many of his allies and adversaries, finds himself transported to feudal Japan by Gorilla Grodd's time displacement machine.",$0.00,85,,Ninja Batman
4975,83389,ja,コクリコ坂から,16.271,7/16/2011,7.6,1207,"['Animation', 'Drama']","A group of Yokohama students fight to save their school's clubhouse from the wrecking ball during preparations for the 1964 Tokyo Olympic Games. While working there, Umi and Shun gradually become attracted to each other but have to face a sudden trial. Even so, they keep going without fleeing the difficulties of reality.","$61,037,844.00",91,I look up as I walk...,From Kokurikozaka
5027,40713,ja,恋空,16.994,11/3/2007,7.8,123,"['Romance', 'Drama']","During her freshman year in high school, Mika Tahara (Yui Aragaki) loses her cellular phone, but later finds it in the school library with the help of an unknown caller. Throughout the summer, Mika and the mysterious caller continue to communicate, and agree to meet each other once school starts again. The caller turns out to be Hiro (Haruma Miura), a delinquent-like boy Mika is initially afraid of, who shows proof of his identity as the caller with a photo of the sky on his cellular phone.","$44,038,000.00",129,,Love of love
5341,68449,ja,グラップラー刃牙,17.221,8/21/1994,6.0,12,"['Animation', 'Action']","Baki, a new grappler on the no-holds barred fighting scene, is flying up the ranks. All that is left in his wake are the dead and the defeated. However, no one can tell whether he can keep this up against the previous champion, a fierce fighter who severs his opponents very nerves to win.",$0.00,45,,Grappler blade
5352,442987,ja,僕らのごはんは明日で待ってる,12.015,1/7/2017,6.3,5,"['Drama', 'Romance']","A 7 year love story between Ryota Hayama and Koharu Uemura from their first date to eventual marriage.  Ryota and Koharu are high school students. Ryota is indifferent to people and says very little. Koharu is not afraid of to speak her mind and she has a bright personality. Since a game of rice bag jump, they begin to date. They date at a fast-food restaurant, realize they love each other at a family restaurant and finally swear their love on a dining table with white rice.",$0.00,109,,Our rice is waiting tomorrow
5353,429918,ja,サバイバルファミリー,13.544,2/11/2017,7.4,61,"['Comedy', 'Family']",A world wide electrical outage occurs. Everything that requires electricity comes to a stop. Tokyo is nearly ruined. Yoshiyuki Suzuki decides to escape from Tokyo with his family.,$0.00,117,,Survival family
5412,417760,ja,一週間フレンズ,16.222,2/18/2017,7.0,38,"['Romance', 'Drama']","High school student Yuki Hase (Kento Yamazaki) wants to become close with classmate Kaori Fujimiya (Haruna Kawaguchi) who is alway by herself. Kaori Fujimiya refuses to become close with Yuki Hase, because she forgets her friends every new Monday. Even though Kaori tells Yuki why she doesn't want to become friends, Yuki still wants to become close to her.",$0.00,120,,One week Friends
5568,315011,ja,シン・ゴジラ,17.765,7/29/2016,7.0,752,"['Action', 'Science Fiction', 'Horror']","When a massive, gilled monster emerges from the deep and tears through the city, the government scrambles to save its citizens.  A rag-tag team of volunteers cuts through a web of red tape to uncover the monster's weakness and its mysterious ties to a foreign superpower.  But time is not on their side - the greatest catastrophe to ever befall the world is about to evolve right before their very eyes.","$77,947,607.00",120,A god incarnate. A city doomed.,Shin Godzilla
5611,8953,ja,スチームボーイ,17.488,7/17/2004,6.8,265,"['Animation', 'Fantasy', 'Science Fiction']","After receiving a package from his grandfather, Ray, a young inventor who lives in England during the mid-19th century, finds himself caught in the middle of a deadly conflict related to a revolutionary advance in steam power.","$18,900,000.00",105,He will save the future.,Steam boy
5622,426284,ja,無限の住人,18.244,4/29/2017,6.5,369,"['Action', 'Drama', 'Fantasy']","Manji, a highly skilled samurai, becomes cursed with immortality after a legendary battle. Haunted by the brutal murder of his sister, Manji knows that only fighting evil will regain his soul. He promises to help a young girl named Rin avenge her parents, who were killed by a group of master swordsmen led by ruthless warrior Anotsu. The mission will change Manji in ways he could never imagine.","$150,532.00",140,His path is paved in blood.,Infinite resident
5626,758866,ja,ドライブ・マイ・カー,15.097,8/18/2021,7.3,63,['Drama'],"Yusuke Kafuku, a stage actor and director, still unable, after two years, to cope with the loss of his beloved wife, accepts to direct Uncle Vanja at a theater festival in Hiroshima. There he meets Misaki, an introverted young woman, appointed to drive his car. In between rides, secrets from the past and heartfelt confessions will be unveiled.",$0.00,179,,Drive my car
5632,243914,ja,熱風海陸ブシロード,16.324,12/30/2013,6.5,3,"['Animation', 'Action', 'Science Fiction', 'Adventure']","A restart of ""Neppu Kairiku Bushi Lord"", a previously stalled mecha mixed-media project. The anime will air this fall under the new name ""Neppu Kairiku Bushi Road"", as a collaboration between Bushiroad, video distributor Bandai Visual, software company Nitroplus, and anime studio Kinema Citrus.",$0.00,90,,Hot World Sea Land Village
5655,520576,ja,恋は雨上がりのように,16.265,5/25/2018,7.6,26,"['Romance', 'Drama']","Akira Tachibana is a 17-year-old high school student. She was once a promising athlete, but an injury has prevented her from taking part in track and field. One day, Akira Tachibana goes to a family restaurant and the manager talks to her in a tender voice. This makes Akira Tachibana begin working part-time at the restaurant. The manager is 45-year-old Masami Kondo and he is divorced with a child. Akira Tachibana falls in love with him. --asianwiki",$0.00,111,,Love is like after the rain
5713,520541,ja,ニセコイ,20.862,12/21/2018,7.6,30,"['Romance', 'Comedy']","Raku Ichijo (Kento Nakajima) is an only son and a high school student. His father is the leader of yakuza group Shuei-gumi. Raku Ichijo doesn't like to fight and he studies hard. His dream is to become a public official. One day, he passes the entrance gate at his high school and is kicked inadvertently by Chitoge Kirisaki (Ayami Nakajo). She is a new transfer student at the school. Chitoge Kirisaki is the only daughter of a rival gang leader. To keep the peace between the rival gangs led by their fathers, Raku Ichijo and Chitoge Kirisaki decide to act as boyfriend and girlfriend. --asianwiki",$0.00,117,,Nisekoi
5778,252391,ja,魔女の宅急便,15.196,3/1/2014,6.6,34,"['Adventure', 'Comedy', 'Fantasy', 'Mystery']","A young girl named Kiki (Fuka Koshiba) must leave her home for a year to begin training in witchcraft. She leaves on her broom, but first says goodbye to her friends and family. Kiki then begins her new life with her trusted cat Jiji.",$0.00,108,,Kiki's Delivery Service
5788,452200,ja,人妻変態美容師,13.915,1/14/1994,0.0,0,[],This routine effort from cult pinku-eiga director Hisayasu Sato centers around a divorcée who opens a beauty parlor and begins selling sexual services to boost her business.,$0.00,60,,Married woman perverted hairdresser
5843,432985,ja,銀魂,15.762,7/14/2017,6.7,62,"['Action', 'Adventure', 'Comedy', 'Science Fiction']","In an era where aliens have invaded and taken over feudal Tokyo, a young samurai finds work however he can.",$0.00,130,,Ginten
5863,64246,ja,カラフル,21.137,8/21/2010,7.3,187,"['Animation', 'Drama', 'Family']","Upon reaching the train station to death, a dejected soul is informed that he is lucky and will have another chance at life. He is placed in the body of a 14-year-old boy named Kobayashi Makoto, who has just committed suicide. Watched over by a neutral spirit named Purapura, the soul must figure out what his greatest sin and mistake in his former life was, before his time limit in Makoto's body runs out. He also has a number of other lesser duties he must complete, such as understanding what led Makoto to commit suicide in the first place and learning how to enjoy his second chance at life.",$0.00,127,,colorful
5888,234284,ja,イヴの時間,12.916,3/6/2010,7.3,93,"['Animation', 'Science Fiction', 'Drama']","In the not-too-distant future, androids have come into common usage. However, treating androids on the same level as humans is frowned upon, and there is constant paranoia surrounding the possibility of robots defying humans, their masters. Those who appear too trustworthy of their androids are chided and labeled as ""android-holics.""
 Rikuo Sakisaka, who has taken robots for granted for his entire life, one day discovers that Sammy, his home android, has been acting independently and coming and going on her own. He finds a strange phrase recorded in her activity log, ""Are you enjoying the Time of Eve?"". He, along with his friend Masakazu Masaki, traces Sammy's movements and finds an unusual cafe. Nagi, the barista, informs them that the cafe's main rule is to not discriminate between humans and androids.
 While Rikuo tries to reveal Sammy's intentions, he begins to question the legitimacy of the fear that drives humans to regard androids as nothing more than mere tools.",$0.00,106,,Eve time
5969,37933,ja,ゲド戦記,19.095,7/29/2006,6.6,970,"['Animation', 'Fantasy', 'Adventure']","Something bizarre has come over the land. The kingdom is deteriorating. People are beginning to act strange... What's even more strange is that people are beginning to see dragons, which shouldn't enter the world of humans. Due to all these bizarre events, Ged, a wandering wizard, is investigating the cause. During his journey, he meets Prince Arren, a young distraught teenage boy. While Arren may look like a shy young teen, he has a severe dark side, which grants him strength, hatred, ruthlessness and has no mercy, especially when it comes to protecting Teru. For the witch Kumo this is a perfect opportunity. She can use the boy's ""fears"" against the very one who would help him, Ged.","$68,625,104.00",115,"Once Man and Dragon were one. Man chose Land and Sea, Dragon chose Wind and Fire.",Tales from Earthsea
5983,304023,ja,楽園追放,16.092,11/15/2014,6.5,50,"['Action', 'Animation', 'Science Fiction']","A.D. 2400, DEVA's central council detects an incident of unauthorized access into their mainframe. Someone on Earth was trying to hack into the system. The only information DEVA was able to retrieve was that hacker referred to themselves as ""Frontier Setter.""  To investigate the mysterious hacker's motives, the high officials of DEVA dispatch system Security Third Officer Angela Balzac to the Earth's surface. Equipped with a prosthetic ""material body,"" Angela attempts to make contact with a local agent Dingo, but what awaited her instead was a swarm of Sandworms now infesting the Earth's surface. Angela intercepts the gruesome pests with her exoskeleton powered suit Arhan.",$0.00,104,Where did humanity come from?,Expulsion of paradise
6037,16990,ja,エスカフローネ,13.945,6/24/2000,6.9,96,"['Animation', 'Adventure', 'Drama', 'Fantasy']","Gaea is a mythical realm ruled by sword and sorcery and immersed in blood and violence. Thrust into a conflict she doesn't quite understand, Hitomi Kanzaki helps aid the young Prince Van as they embark upon a journey to fight the Black Dragon Clan. The battle over a legendary suit of dragon armor, Escaflowne, has begun.",$0.00,98,One will wake it. One will destroy it.,Esca Frone
6191,39228,ja,機動戦士ガンダム,15.114,3/14/1981,6.8,37,"['Animation', 'Science Fiction', 'Action', 'Adventure', 'Drama', 'War']","In the year Universal Century 0079, humans have colonized the area of space lying in between the Earth and the moon. However the ambitious Zabi family, rulers of the Duchy of Zeon (the grouping of colonies furthest from the earth) has sparked a war.",$0.00,139,,Mobile Suit Gundam
6197,394315,ja,少女椿,12.858,5/21/2016,7.3,20,"['Drama', 'Horror']","14-year-old Midori is the constantly abused chore girl for a freakshow. Things begin to change for her after a dwarf magician joins the freak show, but not always for the better.",$0.00,91,,Girl camellia
6217,2671,ja,リング,13.494,1/30/1998,7.1,927,"['Horror', 'Thriller']","A mysterious video has been linked to a number of deaths, and when an inquisitive journalist finds the tape and views it herself, she sets in motion a chain of events that puts her own life in danger.","$8,690,429.00",96,"One curse, one cure, one week to find it",ring
6240,470639,ja,僕は妹に恋をする,14.008,5/18/2005,5.7,9,"['Romance', 'Animation', 'Drama']","Yori and his twin sister Iku used to be very close as children but lately Yori has grown colder toward Iku and is always eager to stay away from her. Iku was confused by Yori's attitude. Actually Yori is in love with Iku and that forbidden love is causing Yori sleepless nights since Yori and Iku are sharing the same room with bunk beds. Yori tried to ease his intense desire for Iku by bedding Iku's best friend. He had even applied to attend a boarding school in another city to take him far away from Iku. Yori lost his resolve to stay quiet about his feelings when Iku started to talk about having a boyfriend and going on dates. Now Yori want to have his little sister and he confessed. Iku loves her big brother and wanted them to stay together, so Iku is willing to anything to keep them together. But Yori wanted to have Iku as a lover, not as a sister loyal to her twin.",$0.00,50,,I fall in love with my sister
6304,11838,ja,呪怨,13.966,10/18/2002,6.8,533,['Horror'],"Volunteer home-care worker Rika is assigned to visit a family, she is cursed and chased by two revengeful fiends: Kayako, a woman brutally murdered by her husband and her son Toshio. Each person that lives in or visits the haunted house is murdered or disappears.","$325,680.00",92,When a grudge from the dead passes to the living - Who is safe?,Grudge
6346,15080,ja,おもひでぽろぽろ,13.203,7/20/1991,7.3,711,"['Animation', 'Drama', 'Romance']","It’s 1982, and Taeko is 27 years old, unmarried, and has lived her whole life in Tokyo. She decides to visit her family in the countryside, where she begins to reconnect to forgotten longings. In lyrical switches between the present and the past, Taeko contemplates the arc of her life, and wonders if she has been true to the dreams of her childhood self.","$473,110.00",118,I’m going on a trip with Me,Omohide Poroporo
6418,438553,ja,ハルチカ,11.524,3/4/2017,6.3,11,"['Drama', 'Music', 'Romance']","Haruta is handsome and smart, Chika is bright and naive. When they were children, they were friends until Haruta's family moved away while he was in the 3rd grade. They meet again during a high school entrance ceremony. After all of these years, Chika is eager to join the wind instrument club. Due to an incident, the wind instrument club is about to be disbanded. Chika can't give up the flute so she attracts Haruta to her side and tries to recruit members from the wind instrument club. The group attempts to solve various cases taking place at their school while they plan to take part in a contest.",$0.00,118,,Hartika
6419,513367,ja,透明変態人間,10.189,12/4/2013,0.0,0,[],"Hideo rescues a Chinese guy being picked on by punks on the street, and the guy gives him a small bottle in gratitude, which contained a magical formula that makes one’s body transparent for only 3 minutes. As soon as he becomes transparent, Hideo goes to see a naked Maria, his fellow part-time worker. While he enjoys the life of an invisible man, another invisible man mysteriously appears to seduce her. To keep her from this stranger, Hideo goes for his once-a-lifetime challenge. A furious battle between two invisible men begins!",$0.00,74,,Transparent perverted human
6421,5879,ja,愛のコリーダ,17.184,5/15/1976,6.5,388,"['Drama', 'Romance']","A passionate telling of the story of Sada Abe, a woman whose affair with her master led to an obsessive and ultimately destructive sexual relationship.",$0.00,105,,Corridor of love
6423,1680,ja,キングコング対ゴジラ,12.434,8/11/1962,6.7,207,"['Action', 'Adventure', 'Science Fiction']","Japanese-Release Version. Tako, advertising director of Pacific Pharmaceuticals, is frustrated with the low ratings of their sponsored TV program and seeks a more sensationalist approach. He orders his staff off to Faro Island, capturing King Kong to exploit for marketing. As Godzilla re-emerges, a media frenzy generates with Tako looking to capitalize off of the ultimate wrestling match.","$12,550,000.00",97,"Will you win, Godzilla? Will you win, Kong? The battle of the century!",King Kong vs Godzilla
6425,375509,ja,コープスパーティー,12.37,8/1/2015,5.2,31,"['Horror', 'Mystery', 'Science Fiction']","Facing goodbyes and graduation, Naomi Nakashima, her childhood friend Satoshi Mochida, and their classmates, are clearing up after their last ever cultural festival, when horror buff class representative Ayumi Shinozaki decides to perform Sachiko Ever After so they will stay friends forever. Instead, they were whisked away to a haunted graduation ceremony for Heavenly Host Elementary School, forced to close after a series of gruesome murders. What fate awaits Naomi and her friends at the cursed school...?",$0.00,93,,Corpse Party
6507,38582,ja,ゴジラ対メカゴジラ,11.156,3/20/1974,7.1,155,"['Action', 'Science Fiction']","An Okinawan prophecy that foretells the destruction of the Earth is seeming fulfilled when Godzilla emerges to return to his destructive roots. But not all is what it seems after Godzilla breaks his ally Anguirus's jaw. Matters are further complicated when a second Godzilla emerges, revealing the doppelgänger as a mechanical weapon.","$1,330,000.00",84,"Flying through space and firing missiles! A dreadful Godzilla, whose whole body is a weapon, appears!",Godzilla vs mechagodzilla
6543,579741,ja,サイダーのように言葉が湧き上がる,13.072,11/3/2020,7.4,96,"['Animation', 'Romance', 'Music', 'Drama']","After meeting one bright, sunny day, a shy boy who expresses himself through haiku and a bubbly but self-conscious girl share a brief, magical summer.",$0.00,87,,Words spring up like cider
6590,14282,ja,獣兵衛忍風帖,13.827,6/5/1993,7.8,396,"['Fantasy', 'Adventure', 'Animation']","Jubei is a masterless ninja who travels the land alone, lending his services to those with gold—or a worthy cause. His fearsome abilities have served him well, but a plot to overthrow the government threatens to end his wandering ways—and possibly his life.",$0.00,94,"Feudal Japan—a time of danger, intrigue and deception . . .",Beastbe Ninpocho
6673,4977,ja,パプリカ,12.602,10/1/2006,7.8,1516,"['Animation', 'Drama', 'Mystery', 'Science Fiction', 'Thriller', 'Fantasy']","When a machine that allows therapists to enter their patient's dreams is stolen, all hell breaks loose. Only a young female therapist can stop it: Paprika.","$944,915.00",90,This is your brain on anime,paprika
6677,85398,ja,千夜一夜物語,13.251,6/14/1969,6.8,30,"['Animation', 'Drama', 'Fantasy']","Beautifully constructed, 1001 Nights stays true to the lush and mysterious backdrop of the well known and age old story. Tezuka remolds the story into an escapist fantasy where a 60s-era working man is transported back to an era of entirely fictitious Arabian details. Seemingly at odds with itself, 1001 Nights consistently unfolds in a way that combines Playboy graphics, Arabian rug design and traditional Japanese scroll paintings.  Sound like a strange mix? You bet and along the way we experience some of the great cultural juxtapositions that makes Tezuka the unpredictable style it is.  Source: MAL",$0.00,128,,Thousands and one night story
6776,511617,ja,伯林漂流,13.011,9/10/2017,5.7,6,['Drama'],"Kôichi is a Japanese man living alone in Berlin. He has no job and hardly any friends. One night Kôichi meets Ryota at a bar which is also a sex club. Ryota came to Berlin to visit a German guy whom he had ""met"" on a dating app. His high hopes for romance (and marriage?) were quickly crushed since the German was only interested in sex, not even letting Ryota stay for the night. That is why Ryota ended up spending the night in the dark room of the sex club. Kôichi for some reason lets Ryota stay at his apartment. They have sex. Ryota goes out almost everyday to get laid by various local men and comes home to Kôichi's. Increasingly caught up with a strange feeling that is akin to but not quite frustration or curiosity (needless to say, it is not even close to love), Kôichi gradually gives himself up to sex with Ryota.",$0.00,123,,Drifting
6884,100271,ja,ももへの手紙,12.793,4/21/2012,7.5,263,"['Comedy', 'Fantasy', 'Animation', 'Drama', 'Family']","Clinging to an unfinished letter written by her recently deceased father, young Momo moves with her mother from bustling Tokyo to the remote Japanese island of Shio. Upon their arrival, she begins to explore her new habitat, meeting local children and learning their routines and customs. However, it's not long before several bizarre occurrences crop up around the previously tranquil island. Orchards are found ransacked, prized trinkets start disappearing and, worst of all, each morning after her mother leaves for work, Momo hears strange mumblings coming from the attic of their home. Annoyed by these creepy goings-on and her mother's refusal to believe them, Momo embarks on a strange and supernatural adventure to discover the source of the mischief, which leads her to a trio of troublesome imps: the flatulent lizard Kawa, the childlike Mame and their hulking ogre leader Iwa. Momo also learns that her visit to the island is in some way connected to her father's mysterious letter.","$6,748,712.00",120,,Letter to Momo
6887,21057,ja,海がきこえる,12.789,5/5/1993,6.3,564,"['Romance', 'Animation', 'Drama', 'TV Movie']","At Kichijōji Station, Tokyo, Taku Morisaki glimpses a familiar woman on the platform opposite boarding a train. Later, her photo falls from a shelf as he exits his apartment before flying to Kōchi Prefecture. Picking it up, he looks at it briefly before leaving. As the aeroplane takes off he narrates the events that brought her into his life...",$0.00,72,,The sea can be heard
6905,12140,ja,イノセンス,15.533,3/6/2004,7.3,588,"['Animation', 'Drama', 'Science Fiction']",Groundbreaking director Mamoru Oshii continues to push the boundaries of art and anime with this universally acclaimed cyber thriller following cyborg detective Batou as he tries to unravel the reasons for a murderous robot revolt in the year 2032. A quest for a killer that becomes a mind bending search for the meaning of life.,"$9,789,651.00",100,"When machines learn to feel, who decides what is human...",Innocence
6931,20921,ja,キューティーハニー,15.375,5/29/2004,6.5,45,['Action'],"When Honey's uncle gets kidnapped by the evil criminal gang known as ""Panther Claw,"" she must use her magical powers of transformation (fueled by love) to save him. Meanwhile the same crime group has been responsible for a number of other crime sprees across Tokyo. In the process, Honey teams up with the seemingly cold police woman Natsuko Aki and hot shot journalist Seiji Hayami as well as battle the four ""claws"" of the Panther Claw gang to save her uncle and the rest of the city.",$0.00,94,,cutie Honey
6938,594188,ja,二ノ国,12.544,8/23/2019,6.7,178,"['Animation', 'Action', 'Adventure', 'Family', 'Fantasy', 'Romance']","Adapted from the video game series of the same name, NiNoKuni follows high school peers Yuu and Haru who must travel between two separate yet parallel worlds to help save their childhood friend, Kotona, whose life is in danger. In this magical quest complicated by love, the three teens will be tasked with making the ultimate choice.",$0.00,106,Choose your life,Ni no Kuni
6982,20722,ja,つみきのいえ,10.514,6/10/2008,8.0,342,"['Animation', 'Drama', 'Family']",La Maison en Petits Cubes tells the story of a grandfather's memories as he adds more blocks to his house to stem the flooding waters.,$0.00,12,,Tsumiki no
7041,71883,ja,レッドライン,11.747,5/27/2010,7.5,253,"['Animation', 'Action', 'Science Fiction']","The most dangerous and exciting car race in the universe is held only once every five years. And that's tonight. The competitors are lined up at the starting block. In his vehicle, JP, the most daredevil driver on the circuit, is ready for the green light. Female driver Sonoshee, with whom he is secretly in love, is also on the starting line. She will stop at nothing to get on to that podium. In this race, not only is anything possible, but also anything is allowed. In fact, their adversaries have modified their vehicles to equip them with highly destructive weapons; with such participants, it is hardly surprising that Redline is forbidden by the authorities, who will try anything to halt the proceedings.",$0.00,102,,Red line
7074,585077,ja,海獣の子供,15.504,6/7/2019,7.2,206,"['Animation', 'Fantasy', 'Adventure', 'Mystery']","Ruka is a young girl whose parents are separated and whose father works in an aquarium. When two boys, Umi and Sora, who were raised in the sea by dugongs, are brought to the aquarium, Ruka feels drawn to them and begins to realize that she has the same sort of supernatural connection to the ocean that they do. Umi and Sora's special power seems to be connected to strange events that have been occurring more and more frequently, such as the appearance of sea creatures far from their home territory and the disappearance of aquarium animals around the world. However, the exact nature of the boys' power and of the abnormal events is unknown, and Ruka gets drawn into investigating the mystery that surrounds her new friends.",$0.00,110,,Sea beast child
7124,37928,ja,センコロール,13.155,8/22/2009,6.1,31,"['Animation', 'Science Fiction']","A giant monster sends a town's citizens into a panic, except for a girl named Yuki and her schoolmate Tetsu. Tetsu happens to have his own strange creature named Cenco as a pet. Another boy named Shuu controls the monster threatening the town, and the stage is set for a battle.",$0.00,27,,Sencolor
7143,11948,ja,戦場のメリークリスマス,12.617,5/28/1983,7.4,296,"['Drama', 'History', 'War']","Island of Java, 1942, during World War II. British Major Jack Celliers arrives at a Japanese prison camp, run by the strict Captain Yonoi. Colonel John Lawrence, who has a profound knowledge of Japanese culture, and Sergeant Hara, brutal and simpleton, will witness the struggle of wills between two men from very different backgrounds who are tragically destined to clash.",$0.00,124,"Java, 1942— A clash of cultures, a test of the human spirit.",Merry Christmas on the battlefield
7185,334030,ja,忘れないと誓ったぼくがいた,10.13,3/28/2015,6.6,14,"['Drama', 'Romance', 'Fantasy']","Takashi Hayama is a third year high school student. He falls in love with Azusa Oribe at first sight and they begin to date.  One day, Azusa tells Takashi ""people who meet me, forget about me several hours later.""  Takashi doesn't believe Azusa, but by chance he realizes that he forgot about Azusa. So he won't forget Azusa, Takashi begins to leave a note for himself and Azusa.",$0.00,94,,I swore to remember
7197,18148,ja,東京物語,15.703,11/3/1953,8.3,699,['Drama'],"The elderly Shukishi and his wife, Tomi, take the long journey from their small seaside village to visit their adult children in Tokyo. Their elder son, Koichi, a doctor, and their daughter, Shige, a hairdresser, don't have much time to spend with their aged parents, and so it falls to Noriko, the widow of their younger son who was killed in the war, to keep her in-laws company.",$0.00,137,"As long as life goes on, relationships between parents and children will bring boundless joy and endless grief.",Tokyo Story
7238,349176,ja,暗殺教室,15.449,3/21/2015,7.3,130,"['Action', 'Adventure', 'Comedy', 'Science Fiction']","A mysterious creature destroys 70% of the moon. The creature then warns that if he is not destroyed by March of next year, Earth will be next. The creature also demands that he becomes the homeroom teacher for 3rd grade E class at Kunugigaoka Junior High School. The government is powerless to say no.  The creature then becomes the homeroom teacher of 3rd grade E class which consists of failed students including Nagisa Shiota (Ryosuke Yamada). The creature is called Teacher Koro.  Meanwhile, the government requests that the students try to kill Teacher Koro even though he possesses super powers. The government offers a 10 billion yen reward for whomever successfully kills him. The students are confused by the situation, but decide to kill Teacher Koro.  When their class begins with Teacher Koro, the students finds themselves having a good time with their new teacher.",$0.00,110,,Assassination Classroom
7240,19877,ja,北斗の拳,13.132,3/8/1986,7.1,98,"['Action', 'Animation', 'Drama', 'Science Fiction', 'Thriller']","After a nuclear holocaust tears the world apart, mankind is forced to the harshness of not only the oppression of others who are much more powerful, but the dead earth which seems to be getting worse with every passing moment. But a savior has risen from the ashes, a man who will defeat those who would torment the weak and make the world a livable place once more. A man named Kenshiro...","$18,000,000.00",110,"Power without perception is spiritually useless, and therefore of no true value.",Hokuto fist
7267,22611,ja,ニモ,8.935,7/15/1989,6.8,117,"['Adventure', 'Animation', 'Family', 'Fantasy']","A little boy whose dreams transcend reality is sucked into his own fantasy, which is everything he has dreamed of, until he unleashes an old secret that may not only destroy this perfect dream world but reality itself.",$0.00,95,"Take Off On A Wonderful Adventure With ""Little Nemo""",Nemo
7326,414770,ja,アンチポルノ,11.675,1/28/2017,6.9,259,['Drama'],"Young artist Kyoko wreaks havoc on everyone that she encounters, her worst being reserved for simpering older assistant Noriko, whom she routinely humiliates-or at least that's what seems to be happening, before an abrupt about-face.",$0.00,78,Freedom? What's that?,Anti -porno
7527,1059,ja,隠し砦の三悪人,10.623,12/28/1958,8.0,388,"['Adventure', 'Drama', 'Action', 'Comedy']","Japanese peasants Matashichi and Tahei try and fail to make a profit from a tribal war. They find a man and woman whom they believe are simple tribe members hiding in a fortress. Although the peasants don't know that Rokurota is a general and Yuki is a princess, the peasants agree to accompany the pair to safety in return for gold. Along the way, the general must prove his expertise in battle while also hiding his identity.",$0.00,139,,Three evils of hidden fort
7535,26945,ja,劇場版カードキャプターさくら,11.121,8/21/1999,7.7,103,"['Fantasy', 'Animation', 'Adventure']","Sakura Kinomoto, a Card Captor, wins a game of chance and is awarded a trip to Hong Kong, along with her best friend Tomoyo and her rival, Syaoran Li. It turns out that the ancient rival of Clow Reed, the creator of the mysterious and powerful Clow Cards, summoned them, and she's out for revenge. A battle ensues, and secrets are revealed about Clow Reed's shady past and Sakura's connection to him.",$0.00,81,,Theatrical version card capor Sakura
7666,17962,ja,ワンダフルライフ,10.342,9/11/1998,7.2,129,"['Fantasy', 'Drama']","On a cold Monday morning, a group of counselors clock in at an old-fashioned social services office. Their task is to interview the recently deceased, record their personal details, then, over the course of the week, assist them in choosing a single memory to keep for eternity.",$0.00,118,What is the one memory you would take with you?,Wonderful Life
7744,426285,ja,鋼の錬金術師,15.089,12/1/2017,5.3,403,"['Action', 'Fantasy', 'Science Fiction']",Two alchemist brothers go on a quest for the Philosopher's Stone after an attempt to revive their dead mother goes horribly wrong.,$0.00,135,,Full Metal Alchemist
7754,776305,ja,竜とそばかすの姫,9.936,7/16/2021,8.0,35,"['Animation', 'Drama', 'Science Fiction']","Suzu is a 17-year-old high school student living in a rural town with her father. Wounded by the loss of her mother at a young age, Suzu one day discovers the massive online world ""U"" and dives into this alternate reality as her avatar, Belle. Before long, all of U's eyes are fixed on Belle, when, suddenly, a mysterious dragon-like figure appears before her.","$54,195,448.00",121,You are no longer alone,Dragon and the Freckled Princess
7811,880998,ja,幾多の北,7.268,11/6/2021,2.0,1,['Animation'],North is everywhere solitary. Here is all North. This is a record of the people I met in these Norths.,$0.00,64,,Fast many north
7813,11830,ja,タンポポ,8.817,11/23/1985,7.9,200,['Comedy'],"A pair of truck drivers happen onto a decrepit roadside fast food stop selling ramen noodles. The widowed owner, Tampopo, begs them to help her turn her establishment into a paragon of the ""art of noodle soup making"".",$0.00,115,The first Japanese Noodle Western.,Dandelion
7828,13964,ja,片腕マシンガール,10.066,1/2/2008,6.1,137,"['Action', 'Adventure', 'Comedy', 'Crime', 'Horror', 'Thriller']","The life of a young, Japanese schoolgirl is destroyed when her family is killed by a Ninja-Yakuza family. Her hand cut off, she replaces it with various machines-of-death, and seeks revenge",$0.00,96,It's Payback Time!,One arm machine girl
7865,76826,ja,火垂るの墓,10.95,11/1/2005,7.9,63,['Drama'],"Hisako loses her home in Tokyo to Allied bombing. With her husband fighting somewhere in Asia, she and her two children evacuate to a suburb of Kobe, where they share a house with Hisako's cousin, Kyoko. Kobe is bombed and Kyoko is killed. Hisako is forced to take care of Kyoko's two children in addition to her own, but there is not enough food for everyone.",$0.00,148,,Fire grave
7990,3782,ja,生きる,10.782,10/9/1952,8.4,721,['Drama'],"Kanji Watanabe is a middle-aged man who has worked in the same monotonous bureaucratic position for decades. Learning he has cancer, he starts to look for the meaning of his life.","$55,240.00",143,A big story of a little man which will grip your soul ...,live
8107,16804,ja,おくりびと,11.763,9/13/2008,7.9,555,['Drama'],"Daigo, a cellist, is laid off from his orchestra and moves with his wife back to his small hometown where the living is cheaper. Thinking he’s applying for a job at a travel agency he finds he’s being interviewed for work with departures of a more permanent nature – as an undertaker’s assistant.","$69,932,387.00",130,The gift of last memories,Bite
8304,18881,ja,カイト,8.362,2/25/1998,6.8,71,"['Animation', 'Crime', 'Action', 'Thriller']","Sawa may seem innocent and naive, but don’t be fooled. She is a cold-blooded killer, and if you’re on the wrong side of the law, you may be her next target. Not content to just watch as the imperfect justice system lets more and more criminals go loose every day, a detective decides to train the young Sawa to be his instrument of justice.",$0.00,50,,kite
8369,11878,ja,用心棒,12.221,4/25/1961,8.2,953,"['Drama', 'Thriller']","A nameless ronin, or samurai with no master, enters a small village in feudal Japan where two rival businessmen are struggling for control of the local gambling trade. Taking the name Sanjuro Kuwabatake, the ronin convinces both silk merchant Tazaemon and sake merchant Tokuemon to hire him as a personal bodyguard, then artfully sets in motion a full-scale gang war between the two ambitious and unscrupulous men.",$0.00,110,Seven Samurai if it Was Just One Samurai!,Bouncer
8523,246,ja,座頭市,9.947,9/6/2003,7.3,608,"['Adventure', 'Drama', 'Action']","Zatoichi is a 19th century blind nomad who makes his living as a gambler and masseur. However, behind this humble facade, he is a master swordsman gifted with a lightning-fast draw and breathtaking precision. While wandering, Zatoichi discovers a remote mountain village at the mercy of Ginzo, a ruthless gang-leader. Ginzo disposes of anyone who gets in his way, especially after hiring the mighty samurai ronin, Hattori, as a bodyguard. After a raucous night of gambling in town, Zatoichi encounters a pair of geishas--as dangerous as they are beautiful--who've come to avenge their parents' murder. As the paths of these and other colorful characters intertwine, Ginzo's henchmen are soon after Zatoichi. With his legendary cane sword at his side, the stage is set for a riveting showdown.","$34,196,922.00",111,His sword made him a hero... his courage made him a legend.,Zato -shi
8527,33320,ja,千年女優,13.447,9/14/2001,7.9,490,"['Animation', 'Drama', 'Romance']","Documentary filmmaker Genya Tachibana has tracked down the legendary actress Chiyoko Fujiwara, who mysteriously vanished at the height of her career. When he presents her with a key she had lost and thought was gone forever, the filmmaker could not have imagined that it would not only unlock the long-held secrets of Chiyoko’s life... but also his own.","$37,641.00",87,,Millennium actress
8732,3780,ja,赤ひげ,8.168,4/3/1965,8.2,209,['Drama'],"Aspiring to an easy job as personal physician to a wealthy family, Noboru Yasumoto is disappointed when his first post after medical school takes him to a small country clinic under the gruff doctor Red Beard. Yasumoto rebels in numerous ways, but Red Beard proves a wise and patient teacher. He gradually introduces his student to the unglamorous side of the profession, ultimately assigning him to care for a prostitute rescued from a local brothel.",$0.00,185,"What is the key to life - power, prestige or peace?",Red beard
8738,423590,ja,ママレード・ボーイ,10.276,3/4/1995,5.8,12,"['Animation', 'Romance']","Miki's lying in bed in the school's nursery after being hit in the face by a ball, supposedly asleep when Yuu comes in. Yuu asks her if she is asleep but she does not answer, so he looks at her as she sleeps. Then he kisses her and leaves. As soon as he has left, Miki jumps up, surprised and wonders what he is up to, since they have just met... or have they?",$0.00,23,,Mamored Boy
8776,452213,ja,未亡人変態地獄,8.911,4/26/1991,0.0,0,[],"A married couple enjoy engaging in S&M sexual behavior, and the wife, Yuri, asserts, ""The ultimate SM play is death."" After her husband dies, supposedly accidentally, Yuri is left alone, grieving and self-destructive. Her mental state deteriorates as she watches and masturbates joylessly to the home-made SM videos she made with her husband.",$0.00,61,,Widow metamorphosis hell
8913,54186,ja,告白,7.895,6/4/2010,7.7,631,"['Drama', 'Thriller', 'Mystery']",A psychological thriller of a grieving mother turned cold-blooded avenger with a twisty master plan to pay back those who were responsible for her daughter's death.,$0.00,107,Her pupils murdered her daughter. She will have her revenge.,Confession
8935,137773,ja,戦慄のミラージュポケモン,11.872,10/13/2006,6.8,41,"['Animation', 'Action', 'Adventure']","The story of ""The Mastermind of Mirage Pokémon"" centers on a Pokémon scientist who has developed a new Mirage System to resurrect extinct Pokémon. Satoshi, Haruka, Masato, and Takeshi show up at the Mirage Mansion for a demonstration of this new machine, only to witness the kidnapping of the scientist! Then a mysterious stranger appears and claims that the machine can actually create Pokémon without weaknesses. It’s up to Satoshi and company to preserve the natural balance of the Pokémon world.",$0.00,45,,Horror Mirage Pokemon
9038,14696,ja,雨月物語,8.628,3/26/1953,8.1,368,"['Fantasy', 'Drama', 'Mystery']","In 16th century Japan, peasants Genjuro and Tobei sell their earthenware pots to a group of soldiers in a nearby village, in defiance of a local sage's warning against seeking to profit from warfare. Genjuro's pursuit of both riches and the mysterious Lady Wakasa, as well as Tobei's desire to become a samurai, run the risk of destroying both themselves and their wives, Miyagi and Ohama.",$0.00,96,,Rained moon story
9096,14537,ja,切腹,12.369,9/15/1962,8.4,541,"['Action', 'Drama', 'History']",An unusual request for ritual suicide on a feudal lord's property leads to the unwinding of a greater mystery that challenges the clan's integrity.,$0.00,135,The world has never understood why the Japanese prefer death to dishonor! Winner of Prix Special du Jury at Cannes 1963 provides the answer!!,Sacrifice
9150,15916,ja,天使のたまご,9.861,12/22/1985,7.8,256,"['Animation', 'Drama', 'Fantasy', 'Mystery', 'Science Fiction']","A mysterious young girl wanders a desolate, otherworldly landscape, carrying a large egg.",$0.00,71,Under a sky where clouds make sound as they move,Angel egg
9168,1678,ja,ゴジラ,13.059,11/3/1954,7.6,608,"['Thriller', 'Horror', 'Science Fiction']","Japan is thrown into a panic after several ships are sunk near Odo Island. An expedition to the island led by Dr. Yemani soon discover something far more devastating than imagined in the form of a 50 meter tall monster whom the natives call Gojira. Now the monster begins a rampage that threatens to destroy not only Japan, but the rest of the world as well.","$2,250,000.00",96,"Godzilla, a weapon of science, a great battle of wonder and terror!",Godzilla
9276,95853,ja,うさぎドロップ,10.14,8/20/2011,7.0,43,"['Drama', 'Comedy']","Daikichi learns that his recently deceased grandfather has an illegitimate daughter with an unknown mother. The girl's name is Rin and she is just 6 years old. Everybody in Daikichi's family looks at the girl as an embarrassment and wants no part of her. Daikichi, annoyed by his family's attitude, decides to raise Rin by himself. Even though Daikichi himself has no experience raising a child and is still single. The movie is based on Yumi Unita's popular manga series ""Usagi Drop"".",$0.00,114,,Rabbit drop
9327,349498,ja,ビリギャル,9.065,5/1/2015,7.4,74,"['Comedy', 'Drama']","A high school girl, Sayaka Kudō was the bottom of the class. After a year, she improved her deviation value from 30 to 70, then passed Keio University that is considered one of the most difficult to enter in Japan.",$0.00,117,,Billigal
9336,3777,ja,蜘蛛巣城,10.839,1/15/1957,7.9,542,"['Drama', 'History']","Returning to their lord's castle, samurai warriors Washizu and Miki are waylaid by a spirit who predicts their futures. When the first part of the spirit's prophecy comes true, Washizu's scheming wife, Asaji, presses him to speed up the rest of the spirit's prophecy by murdering his lord and usurping his place. Director Akira Kurosawa's resetting of William Shakespeare's ""Macbeth"" in feudal Japan is one of his most acclaimed films.",$0.00,108,"From the creator of ""Rashomon"" and ""Ikiru"".",Spider weeping castle
9421,16672,ja,砂の女,10.83,2/15/1964,8.3,257,"['Drama', 'Thriller']",An entomologist suffers extreme psychological and sexual torture after being taken captive by the residents of a poor seaside village.,$0.00,147,Haunting. Erotic. Unforgettable.,Sand woman
9429,680041,ja,君は彼方,6.971,11/27/2020,3.7,3,"['Animation', 'Drama', 'Fantasy']","Mio is a girl in high school who slacks off. She and her childhood friend Arata and best friend Madoka spend their after-school days in Ikebukuro hanging out. One day, Madoka tells Mio that she loves Arata, and Mio realizes that she loves Arata, too. But she’s scared of their relationship falling apart and lies, saying she’ll help them. Mio deliberately acts coldly to Arata, and they get into a fight. She decides to work things out with Arata, but gets into a car accident on her way to meet him. She wakes up in a mysterious world. It's the Ikebukuro she knows, but something’s different...",$0.00,95,,You are there
9483,553166,ja,極道記者,6.821,7/19/1993,0.0,0,[],"More than his indie debut Skinless Night, this was the film that launched Mochizuki on his distinctive trajectory through the crime and yakuza genres. Matsuzaki (Eiji Okuda) is a racing tipster for a sports paper, a lowlife who spends half his time drunk, hangs out with yakuza and other riff-raff and complicates his sex life by succumbing to advances from his girlfriend's sister. As played by Okuda, he's also a figure of considerable hangdog charm. Less a plot-based movie than a guide to the several forms of high stakes gambling in Japan, this centres on his attempt to help a friend swindled in a bent mahjong game.  Hakuryu appears (memorably) as an inscrutable yakuza in a black leather jacket. The film's success led to two sequels.",$0.00,100,,Very
9550,631997,ja,愛なき森で叫べ,11.587,10/11/2019,6.6,111,"['Drama', 'Crime', 'Horror', 'Thriller']",A con man and a would-be filmmaking crew force themselves into the lives of two grief-scarred young women. But nothing is as it seems.,$0.00,151,,Shout in the love of the love
9601,9694,ja,着信アリ,9.058,11/3/2003,6.2,286,"['Horror', 'Thriller']","People mysteriously start receiving voicemail messages from their future selves, in the form of the sound of them reacting to their own violent deaths, along with the exact date and time of their future death, listed on the message log. The plot thickens as the surviving characters pursue the answers to this mystery which could save their lives.",$0.00,112,Death cannot be put on hold...,One Missed Call
9606,47002,ja,ラブレター,8.127,3/25/1995,7.7,94,"['Drama', 'Romance']",When exchanging letters two women discover new things about a deceased man they used to know.,$0.00,117,,Love letter
9620,4291,ja,菊次郎の夏,9.806,6/5/1999,7.6,311,"['Comedy', 'Drama', 'Family']","Brash, loudmouthed and opportunistic, Kikujiro is the unlikely companion for Masao who is determined to see the mother he has never met. The two begin a series of adventures which soon turns out to be a whimsical journey of laughter and tears with a wide array of surprises and unique characters along the way.",$0.00,117,,Kikujiro's summer
9640,3107,ja,怪獣総進撃,8.304,8/1/1968,6.8,156,"['Action', 'Science Fiction']","At the turn of the century, all of the Earth's monsters have been rounded up and kept safely on Monsterland. Chaos erupts when a race of she-aliens known as the Kilaaks unleash the monsters across the world.","$1,568,760.00",89,"The mysterious Kilaaks appear! Shaking the universe, the great battle of 11 monsters!",Monster Total Attack
9642,13398,ja,東京ゴッドファーザーズ,14.491,12/29/2003,7.9,660,"['Animation', 'Drama']","During a Christmas Eve in Tokyo, three homeless people, middle-aged alcoholic Gin, former drag queen Hana, and dependent runaway girl Miyuki, discover an abandoned newborn while looking through the garbage. With only a handful of clues to the baby's identity, the three misfits search the city to find its parents.",$0.00,93,Meet the ultimate dysfunctional family.,Tokyo Godfathers
9676,45284,ja,アウトレイジ,9.052,5/17/2010,7.0,289,"['Action', 'Crime', 'Drama']","The story begins with Sekiuchi, boss of the Sannokai, a huge organized crime syndicate controlling the entire Kanto region, issuing a stern warning to his lieutenant Kato and right-hand man Ikemoto, head of the Ikemoto-gumi. Kato orders Ikemoto to bring the unassociated Murase-gumi gang in line, and he immediately passes the task on to his subordinate Otomo, who runs his own crew. The tricky jobs that no-one wants to do always end up in Otomo’s lap.","$8,428,636.00",109,,Outrage
9770,239367,ja,ジョバンニの島,10.113,2/22/2014,7.4,69,"['Animation', 'Drama', 'History']","In the aftermath of the most devastating conflict mankind had ever experienced, the tiny island of Shikotan became part of the Sakhalin Oblast... and on the unhealed border in this remote corner of the world, friendship among children from two different countries timidly blossomed, striving to overcome language barriers and the waves of history. Inspired by true events.",$0.00,102,,Giovanni Island
9822,11075,ja,オーディション,10.533,10/6/1999,7.1,1013,"['Mystery', 'Drama', 'Horror', 'Thriller']","Seven years after the death of his wife, company executive Aoyama is invited to sit in on auditions for an actress. Leafing through the resumés in advance, his eye is caught by Yamazaki Asami, a striking young woman with ballet training.",$0.00,115,She always gets a part,audition
9829,2517,ja,誰も知らない,12.283,8/7/2004,8.1,302,['Drama'],"In a small Tokyo apartment, twelve-year-old Akira must care for his younger siblings after their mother leaves them and shows no sign of returning.",$0.00,141,,No one knows
9863,499191,ja,娼年,13.611,4/6/2018,6.3,19,['Drama'],"Ryo Morinaka is a university student and works part-time at a bar. He is bored with his daily life and exists in a state of torpor. One day, his friend Shinya Tajima brings the owner of a host bar over to the place where Ryo Morinaka works. Shizuka Mido is the owner of the host bar. Soon, Ryo Morinaka begins to work for Shizuka Mido at the members only host bar. He feels embarrassment initially, but he fulfills the desires of women and develops a sense of purpose.",$0.00,119,,Prostitute
9874,36095,ja,キュア,10.028,11/6/1997,7.4,220,"['Crime', 'Thriller', 'Horror', 'Mystery']","A wave of gruesome murders is sweeping Tokyo. The only connection is a bloody X carved into the neck of each of the victims. In each case, the murderer is found near the victim and remembers nothing of the crime. Detective Takabe and psychologist Sakuma are called in to figure out the connection, but their investigation goes nowhere...","$99,000.00",111,Madness. Terror. Murder.,Cure
9920,12493,ja,天国と地獄,11.523,3/1/1963,8.4,501,"['Crime', 'Drama', 'Mystery', 'Thriller']",An executive of a shoe company becomes a victim of extortion when his chauffeur's son is kidnapped and held for ransom.,$0.00,142,"From Akira Kurosawa, director of ""Yojimbo"" and ""Sanjuro"" comes a tense, taut film of a modern ""perfect crime"" with more excitement than even Hitchcock could create.",Heaven and Hell
9937,30959,ja,怪談,12.522,12/29/1964,7.8,239,"['Fantasy', 'Horror', 'Drama']","Taking its title from an archaic Japanese word meaning ""ghost story,"" this anthology adapts four folk tales. A penniless samurai marries for money with tragic results. A man stranded in a blizzard is saved by Yuki the Snow Maiden, but his rescue comes at a cost. Blind musician Hoichi is forced to perform for an audience of ghosts. An author relates the story of a samurai who sees another warrior's reflection in his teacup.",$0.00,183,"Bizarre, unearthly, terrifying - a nation's legend, an author's imagination, a director's creation manifest in the superlative - Kwaidan",Ghost story
9950,5889,ja,あずみ,11.271,5/10/2003,6.9,233,"['Adventure', 'Drama', 'Action', 'Thriller', 'Romance']","In war-torn Japan, the Tokugawa Shogun, desperate to restore peace to his people, orders the assassination of the hostile warlords. A beautiful young woman is raised from birth with nine other orphans, to become an assassin. Her name is Azumi, the ultimate assassin.",$0.00,128,From The Ravages of War Raises An Assassin,Azumi
